technique,id,name,tactics,data_sources,data_sources_num
T1001,T1001,Data Obfuscation (T1001),command-and-control,Network Traffic: Network Traffic Content,1
T1001,T1001.001,Junk Data (T1001.001),command-and-control,Network Traffic: Network Traffic Content,1
T1001,T1001.002,Steganography (T1001.002),command-and-control,Network Traffic: Network Traffic Content,1
T1001,T1001.003,Protocol Impersonation (T1001.003),command-and-control,Network Traffic: Network Traffic Content,1
T1002,T1002,Data Compressed (T1002),unspecified,,0
T1003,T1003,OS Credential Dumping (T1003),credential-access,Process: Process Creation|Process: Process Access|Command: Command Execution|File: File Access|Windows Registry: Windows Registry Key Access|Active Directory: Active Directory Object Access|Network Traffic: Network Traffic Flow|Network Traffic: Network Traffic Content|Process: OS API Execution,9
T1003,T1003.001,LSASS Memory (T1003.001),credential-access,Process: Process Creation|Process: Process Access|Command: Command Execution|Process: OS API Execution,4
T1003,T1003.002,Security Account Manager (T1003.002),credential-access,Command: Command Execution|Windows Registry: Windows Registry Key Access|File: File Access,3
T1003,T1003.003,NTDS (T1003.003),credential-access,File: File Access|Command: Command Execution,2
T1003,T1003.004,LSA Secrets (T1003.004),credential-access,Windows Registry: Windows Registry Key Access|Command: Command Execution,2
T1003,T1003.005,Cached Domain Credentials (T1003.005),credential-access,Command: Command Execution,1
T1003,T1003.006,DCSync (T1003.006),credential-access,Active Directory: Active Directory Object Access|Network Traffic: Network Traffic Flow|Network Traffic: Network Traffic Content,3
T1003,T1003.007,Proc Filesystem (T1003.007),credential-access,Command: Command Execution|File: File Access,2
T1003,T1003.008,/etc/passwd and /etc/shadow (T1003.008),credential-access,Command: Command Execution|File: File Access,2
T1004,T1004,Winlogon Helper DLL (T1004),unspecified,,0
T1005,T1005,Data from Local System (T1005),collection,Script: Script Execution|File: File Access|Command: Command Execution,3
T1006,T1006,Direct Volume Access (T1006),defense-evasion,Command: Command Execution|Drive: Drive Access,2
T1007,T1007,System Service Discovery (T1007),discovery,Process: Process Creation|Command: Command Execution,2
T1008,T1008,Fallback Channels (T1008),command-and-control,Network Traffic: Network Traffic Flow|Network Traffic: Network Connection Creation,2
T1009,T1009,Binary Padding (T1009),unspecified,,0
T1010,T1010,Application Window Discovery (T1010),discovery,Process: Process Creation|Command: Command Execution|Process: OS API Execution,3
T1011,T1011,Exfiltration Over Other Network Medium (T1011),exfiltration,Network Traffic: Network Connection Creation|Network Traffic: Network Traffic Flow|Network Traffic: Network Traffic Content|File: File Access|Command: Command Execution,5
T1011,T1011.001,Exfiltration Over Bluetooth (T1011.001),exfiltration,Network Traffic: Network Connection Creation|Network Traffic: Network Traffic Flow|Network Traffic: Network Traffic Content|File: File Access|Command: Command Execution,5
T1012,T1012,Query Registry (T1012),discovery,Process: Process Creation|Command: Command Execution|Windows Registry: Windows Registry Key Access|Process: OS API Execution,4
T1013,T1013,Port Monitors (T1013),unspecified,,0
T1014,T1014,Rootkit (T1014),defense-evasion,Drive: Drive Modification|Firmware: Firmware Modification,2
T1015,T1015,Accessibility Features (T1015),unspecified,,0
T1016,T1016,System Network Configuration Discovery (T1016),discovery,Process: Process Creation|Script: Script Execution|Command: Command Execution|Process: OS API Execution,4
T1016,T1016.001,Internet Connection Discovery (T1016.001),discovery,Process: Process Creation|Command: Command Execution,2
T1017,T1017,Application Deployment Software (T1017),unspecified,,0
T1018,T1018,Remote System Discovery (T1018),discovery,Process: Process Creation|Command: Command Execution|Network Traffic: Network Connection Creation|File: File Access,4
T1019,T1019,System Firmware (T1019),unspecified,,0
T1020,T1020,Automated Exfiltration (T1020),exfiltration,Command: Command Execution|Script: Script Execution|Network Traffic: Network Connection Creation|Network Traffic: Network Traffic Flow|Network Traffic: Network Traffic Content|File: File Access,6
T1020,T1020.001,Traffic Duplication (T1020.001),exfiltration,Network Traffic: Network Connection Creation|Network Traffic: Network Traffic Flow,2
T1021,T1021,Remote Services (T1021),lateral-movement,Process: Process Creation|Network Traffic: Network Connection Creation|Network Traffic: Network Traffic Flow|Logon Session: Logon Session Creation|Command: Command Execution|Network Share: Network Share Access|Module: Module Load,7
T1021,T1021.001,Remote Desktop Protocol (T1021.001),lateral-movement,Process: Process Creation|Network Traffic: Network Connection Creation|Network Traffic: Network Traffic Flow|Logon Session: Logon Session Creation,4
T1021,T1021.002,SMB/Windows Admin Shares (T1021.002),lateral-movement,Command: Command Execution|Network Traffic: Network Connection Creation|Network Traffic: Network Traffic Flow|Logon Session: Logon Session Creation|Network Share: Network Share Access,5
T1021,T1021.003,Distributed Component Object Model (T1021.003),lateral-movement,Module: Module Load|Process: Process Creation|Network Traffic: Network Connection Creation,3
T1021,T1021.004,SSH (T1021.004),lateral-movement,Process: Process Creation|Network Traffic: Network Connection Creation|Logon Session: Logon Session Creation,3
T1021,T1021.005,VNC (T1021.005),lateral-movement,Process: Process Creation|Network Traffic: Network Connection Creation|Logon Session: Logon Session Creation,3
T1021,T1021.006,Windows Remote Management (T1021.006),lateral-movement,Service: Service Metadata|Process: Process Creation|Network Traffic: Network Connection Creation|Logon Session: Logon Session Creation|Command: Command Execution,5
T1022,T1022,Data Encrypted (T1022),unspecified,,0
T1023,T1023,Shortcut Modification (T1023),unspecified,,0
T1024,T1024,Custom Cryptographic Protocol (T1024),unspecified,,0
T1025,T1025,Data from Removable Media (T1025),collection,File: File Access|Command: Command Execution,2
T1026,T1026,Multiband Communication (T1026),command-and-control,,0
T1027,T1027,Obfuscated Files or Information (T1027),defense-evasion,Command: Command Execution|File: File Metadata|File: File Creation|Process: Process Creation,4
T1027,T1027.001,Binary Padding (T1027.001),defense-evasion,File: File Metadata,1
T1027,T1027.002,Software Packing (T1027.002),defense-evasion,File: File Metadata,1
T1027,T1027.003,Steganography (T1027.003),defense-evasion,File: File Metadata,1
T1027,T1027.004,Compile After Delivery (T1027.004),defense-evasion,File: File Metadata|File: File Creation|Process: Process Creation|Command: Command Execution,4
T1027,T1027.005,Indicator Removal from Tools (T1027.005),defense-evasion,,0
T1027,T1027.006,HTML Smuggling (T1027.006),defense-evasion,File: File Creation,1
T1028,T1028,Windows Remote Management (T1028),unspecified,,0
T1029,T1029,Scheduled Transfer (T1029),exfiltration,Network Traffic: Network Connection Creation|Network Traffic: Network Traffic Flow,2
T1030,T1030,Data Transfer Size Limits (T1030),exfiltration,Network Traffic: Network Connection Creation|Network Traffic: Network Traffic Flow,2
T1031,T1031,Modify Existing Service (T1031),unspecified,,0
T1032,T1032,Standard Cryptographic Protocol (T1032),unspecified,,0
T1033,T1033,System Owner/User Discovery (T1033),discovery,Process: Process Creation|Command: Command Execution,2
T1034,T1034,Path Interception (T1034),persistence|privilege-escalation,,0
T1035,T1035,Service Execution (T1035),unspecified,,0
T1036,T1036,Masquerading (T1036),defense-evasion,Image: Image Metadata|Command: Command Execution|Service: Service Metadata|Service: Service Creation|Scheduled Job: Scheduled Job Metadata|Scheduled Job: Scheduled Job Modification|File: File Metadata|Process: Process Metadata|File: File Modification,9
T1036,T1036.001,Invalid Code Signature (T1036.001),defense-evasion,File: File Metadata,1
T1036,T1036.002,Right-to-Left Override (T1036.002),defense-evasion,File: File Metadata,1
T1036,T1036.003,Rename System Utilities (T1036.003),defense-evasion,File: File Modification|Process: Process Metadata|Command: Command Execution|File: File Metadata,4
T1036,T1036.004,Masquerade Task or Service (T1036.004),defense-evasion,Command: Command Execution|Service: Service Metadata|Service: Service Creation|Scheduled Job: Scheduled Job Metadata|Scheduled Job: Scheduled Job Modification,5
T1036,T1036.005,Match Legitimate Name or Location (T1036.005),defense-evasion,Image: Image Metadata|File: File Metadata|Process: Process Metadata,3
T1036,T1036.006,Space after Filename (T1036.006),defense-evasion,File: File Metadata,1
T1036,T1036.007,Double File Extension (T1036.007),defense-evasion,File: File Creation|File: File Metadata,2
T1037,T1037,Boot or Logon Initialization Scripts (T1037),persistence|privilege-escalation,Windows Registry: Windows Registry Key Creation|Process: Process Creation|Command: Command Execution|Active Directory: Active Directory Object Modification|File: File Creation|File: File Modification,6
T1037,T1037.001,Logon Script (Windows) (T1037.001),persistence|privilege-escalation,Windows Registry: Windows Registry Key Creation|Process: Process Creation|Command: Command Execution,3
T1037,T1037.002,Logon Script (Mac) (T1037.002),persistence|privilege-escalation,File: File Creation|File: File Modification|Process: Process Creation|Command: Command Execution,4
T1037,T1037.003,Network Logon Script (T1037.003),persistence|privilege-escalation,File: File Creation|File: File Modification|Process: Process Creation|Command: Command Execution|Active Directory: Active Directory Object Modification,5
T1037,T1037.004,RC Scripts (T1037.004),persistence|privilege-escalation,File: File Creation|File: File Modification|Process: Process Creation|Command: Command Execution,4
T1037,T1037.005,Startup Items (T1037.005),persistence|privilege-escalation,File: File Creation|File: File Modification|Process: Process Creation|Command: Command Execution,4
T1038,T1038,DLL Search Order Hijacking (T1038),unspecified,,0
T1039,T1039,Data from Network Shared Drive (T1039),collection,File: File Access|Network Share: Network Share Access|Command: Command Execution,3
T1040,T1040,Network Sniffing (T1040),credential-access|discovery,Process: Process Creation|Command: Command Execution,2
T1041,T1041,Exfiltration Over C2 Channel (T1041),exfiltration,Network Traffic: Network Connection Creation|Network Traffic: Network Traffic Flow|Network Traffic: Network Traffic Content|File: File Access|Command: Command Execution,5
T1042,T1042,Change Default File Association (T1042),unspecified,,0
T1043,T1043,Commonly Used Port (T1043),command-and-control,,0
T1044,T1044,File System Permissions Weakness (T1044),unspecified,,0
T1045,T1045,Software Packing (T1045),unspecified,,0
T1046,T1046,Network Service Scanning (T1046),discovery,Command: Command Execution|Cloud Service: Cloud Service Enumeration|Network Traffic: Network Traffic Flow,3
T1047,T1047,Windows Management Instrumentation (T1047),execution,Command: Command Execution|Process: Process Creation|Network Traffic: Network Connection Creation,3
T1048,T1048,Exfiltration Over Alternative Protocol (T1048),exfiltration,Network Traffic: Network Connection Creation|Network Traffic: Network Traffic Flow|Network Traffic: Network Traffic Content|File: File Access|Command: Command Execution,5
T1048,T1048.001,Exfiltration Over Symmetric Encrypted Non-C2 Protocol (T1048.001),exfiltration,Network Traffic: Network Connection Creation|Network Traffic: Network Traffic Flow|Network Traffic: Network Traffic Content|File: File Access|Command: Command Execution,5
T1048,T1048.002,Exfiltration Over Asymmetric Encrypted Non-C2 Protocol (T1048.002),exfiltration,Network Traffic: Network Connection Creation|Network Traffic: Network Traffic Flow|Network Traffic: Network Traffic Content|File: File Access|Command: Command Execution,5
T1048,T1048.003,Exfiltration Over Unencrypted/Obfuscated Non-C2 Protocol (T1048.003),exfiltration,Network Traffic: Network Connection Creation|Network Traffic: Network Traffic Flow|Network Traffic: Network Traffic Content|File: File Access|Command: Command Execution,5
T1049,T1049,System Network Connections Discovery (T1049),discovery,Process: Process Creation|Command: Command Execution|Process: OS API Execution,3
T1050,T1050,New Service (T1050),unspecified,,0
T1051,T1051,Shared Webroot (T1051),lateral-movement,,0
T1052,T1052,Exfiltration Over Physical Medium (T1052),exfiltration,Process: Process Creation|File: File Access|Drive: Drive Creation|Command: Command Execution,4
T1052,T1052.001,Exfiltration over USB (T1052.001),exfiltration,Process: Process Creation|File: File Access|Drive: Drive Creation|Command: Command Execution,4
T1053,T1053,Scheduled Task/Job (T1053),execution|persistence|privilege-escalation,File: File Creation|Container: Container Creation|Scheduled Job: Scheduled Job Creation|Command: Command Execution|File: File Modification|Process: Process Creation,6
T1053,T1053.001,At (Linux) (T1053.001),execution|persistence|privilege-escalation,Scheduled Job: Scheduled Job Creation|Command: Command Execution|Process: Process Creation,3
T1053,T1053.002,At (Windows) (T1053.002),execution|persistence|privilege-escalation,Scheduled Job: Scheduled Job Creation|Command: Command Execution|File: File Modification|Process: Process Creation,4
T1053,T1053.003,Cron (T1053.003),execution|persistence|privilege-escalation,Scheduled Job: Scheduled Job Creation|Command: Command Execution|File: File Modification|Process: Process Creation,4
T1053,T1053.004,Launchd (T1053.004),execution|persistence|privilege-escalation,Scheduled Job: Scheduled Job Creation|Command: Command Execution|File: File Modification|Process: Process Creation,4
T1053,T1053.005,Scheduled Task (T1053.005),execution|persistence|privilege-escalation,Scheduled Job: Scheduled Job Creation|Command: Command Execution|File: File Modification|Process: Process Creation,4
T1053,T1053.006,Systemd Timers (T1053.006),execution|persistence|privilege-escalation,Scheduled Job: Scheduled Job Creation|Command: Command Execution|File: File Modification|Process: Process Creation,4
T1053,T1053.007,Container Orchestration Job (T1053.007),execution|persistence|privilege-escalation,Scheduled Job: Scheduled Job Creation|Container: Container Creation|File: File Creation,3
T1054,T1054,Indicator Blocking (T1054),unspecified,,0
T1055,T1055,Process Injection (T1055),defense-evasion|privilege-escalation,Process: Process Modification|Module: Module Load|Process: OS API Execution|Process: Process Access|File: File Modification|File: File Metadata,6
T1055,T1055.001,Dynamic-link Library Injection (T1055.001),defense-evasion|privilege-escalation,Process: Process Modification|Module: Module Load|Process: OS API Execution|Process: Process Access,4
T1055,T1055.002,Portable Executable Injection (T1055.002),defense-evasion|privilege-escalation,Process: Process Modification|Process: OS API Execution|Process: Process Access,3
T1055,T1055.003,Thread Execution Hijacking (T1055.003),defense-evasion|privilege-escalation,Process: Process Modification|Process: OS API Execution|Process: Process Access,3
T1055,T1055.004,Asynchronous Procedure Call (T1055.004),defense-evasion|privilege-escalation,Process: Process Modification|Process: OS API Execution|Process: Process Access,3
T1055,T1055.005,Thread Local Storage (T1055.005),defense-evasion|privilege-escalation,Process: Process Modification|Process: OS API Execution|Process: Process Access,3
T1055,T1055.008,Ptrace System Calls (T1055.008),defense-evasion|privilege-escalation,Process: Process Modification|Process: OS API Execution|Process: Process Access,3
T1055,T1055.009,Proc Memory (T1055.009),defense-evasion|privilege-escalation,File: File Modification,1
T1055,T1055.011,Extra Window Memory Injection (T1055.011),defense-evasion|privilege-escalation,Process: OS API Execution,1
T1055,T1055.012,Process Hollowing (T1055.012),defense-evasion|privilege-escalation,Process: Process Modification|Process: OS API Execution|Process: Process Access,3
T1055,T1055.013,Process Doppelgänging (T1055.013),defense-evasion|privilege-escalation,Process: OS API Execution|File: File Metadata,2
T1055,T1055.014,VDSO Hijacking (T1055.014),defense-evasion|privilege-escalation,Process: OS API Execution|Module: Module Load,2
T1056,T1056,Input Capture (T1056),collection|credential-access,Windows Registry: Windows Registry Key Modification|Driver: Driver Load|Process: OS API Execution|Process: Process Creation|File: File Modification|Process: Process Metadata,6
T1056,T1056.001,Keylogging (T1056.001),collection|credential-access,Windows Registry: Windows Registry Key Modification|Driver: Driver Load|Process: OS API Execution,3
T1056,T1056.002,GUI Input Capture (T1056.002),collection|credential-access,Script: Script Execution|Command: Command Execution|Process: Process Creation,3
T1056,T1056.003,Web Portal Capture (T1056.003),collection|credential-access,File: File Modification,1
T1056,T1056.004,Credential API Hooking (T1056.004),collection|credential-access,Process: OS API Execution|Process: Process Metadata,2
T1057,T1057,Process Discovery (T1057),discovery,Process: Process Creation|Command: Command Execution|Process: OS API Execution,3
T1058,T1058,Service Registry Permissions Weakness (T1058),unspecified,,0
T1059,T1059,Command and Scripting Interpreter (T1059),execution,Command: Command Execution|Process: Process Creation|Module: Module Load|Script: Script Execution,4
T1059,T1059.001,PowerShell (T1059.001),execution,Command: Command Execution|Module: Module Load|Process: Process Creation|Script: Script Execution,4
T1059,T1059.002,AppleScript (T1059.002),execution,Command: Command Execution|Process: Process Creation|Process: OS API Execution,3
T1059,T1059.003,Windows Command Shell (T1059.003),execution,Command: Command Execution|Process: Process Creation,2
T1059,T1059.004,Unix Shell (T1059.004),execution,Command: Command Execution|Process: Process Creation,2
T1059,T1059.005,Visual Basic (T1059.005),execution,Command: Command Execution|Process: Process Creation|Module: Module Load|Script: Script Execution,4
T1059,T1059.006,Python (T1059.006),execution,Command: Command Execution|Process: Process Creation,2
T1059,T1059.007,JavaScript (T1059.007),execution,Command: Command Execution|Process: Process Creation|Module: Module Load|Script: Script Execution,4
T1059,T1059.008,Network Device CLI (T1059.008),execution,Command: Command Execution,1
T1060,T1060,Registry Run Keys / Startup Folder (T1060),unspecified,,0
T1061,T1061,Graphical User Interface (T1061),execution,,0
T1062,T1062,Hypervisor (T1062),persistence,,0
T1063,T1063,Security Software Discovery (T1063),unspecified,,0
T1064,T1064,Scripting (T1064),defense-evasion|execution,,0
T1065,T1065,Uncommonly Used Port (T1065),unspecified,,0
T1066,T1066,Indicator Removal from Tools (T1066),unspecified,,0
T1067,T1067,Bootkit (T1067),unspecified,,0
T1068,T1068,Exploitation for Privilege Escalation (T1068),privilege-escalation,Driver: Driver Load,1
T1069,T1069,Permission Groups Discovery (T1069),discovery,Pod: Pod Metadata|Process: Process Creation|Command: Command Execution|Group: Group Enumeration|Group: Group Metadata|Application Log: Application Log Content,6
T1069,T1069.001,Local Groups (T1069.001),discovery,Process: Process Creation|Command: Command Execution,2
T1069,T1069.002,Domain Groups (T1069.002),discovery,Process: Process Creation|Command: Command Execution,2
T1069,T1069.003,Cloud Groups (T1069.003),discovery,Process: Process Creation|Command: Command Execution|Group: Group Enumeration|Group: Group Metadata|Application Log: Application Log Content,5
T1070,T1070,Indicator Removal on Host (T1070),defense-evasion,Process: Process Creation|File: File Deletion|File: File Modification|Windows Registry: Windows Registry Key Modification|Windows Registry: Windows Registry Key Deletion|Process: OS API Execution|Command: Command Execution|Network Traffic: Network Traffic Content|User Account: User Account Authentication|File: File Metadata,10
T1070,T1070.001,Clear Windows Event Logs (T1070.001),defense-evasion,Process: OS API Execution|Command: Command Execution,2
T1070,T1070.002,Clear Linux or Mac System Logs (T1070.002),defense-evasion,File: File Deletion|File: File Modification|Command: Command Execution,3
T1070,T1070.003,Clear Command History (T1070.003),defense-evasion,Command: Command Execution|File: File Modification|File: File Deletion,3
T1070,T1070.004,File Deletion (T1070.004),defense-evasion,File: File Deletion|Command: Command Execution,2
T1070,T1070.005,Network Share Connection Removal (T1070.005),defense-evasion,Process: Process Creation|Command: Command Execution|Network Traffic: Network Traffic Content|User Account: User Account Authentication,4
T1070,T1070.006,Timestomp (T1070.006),defense-evasion,File: File Modification|File: File Metadata,2
T1071,T1071,Application Layer Protocol (T1071),command-and-control,Network Traffic: Network Traffic Flow|Network Traffic: Network Traffic Content,2
T1071,T1071.001,Web Protocols (T1071.001),command-and-control,Network Traffic: Network Traffic Flow|Network Traffic: Network Traffic Content,2
T1071,T1071.002,File Transfer Protocols (T1071.002),command-and-control,Network Traffic: Network Traffic Flow|Network Traffic: Network Traffic Content,2
T1071,T1071.003,Mail Protocols (T1071.003),command-and-control,Network Traffic: Network Traffic Flow|Network Traffic: Network Traffic Content,2
T1071,T1071.004,DNS (T1071.004),command-and-control,Network Traffic: Network Traffic Flow|Network Traffic: Network Traffic Content,2
T1072,T1072,Software Deployment Tools (T1072),execution|lateral-movement,Application Log: Application Log Content|Process: Process Creation,2
T1073,T1073,DLL Side-Loading (T1073),unspecified,,0
T1074,T1074,Data Staged (T1074),collection,File: File Access|File: File Creation|Command: Command Execution,3
T1074,T1074.001,Local Data Staging (T1074.001),collection,File: File Access|File: File Creation|Command: Command Execution,3
T1074,T1074.002,Remote Data Staging (T1074.002),collection,File: File Access|File: File Creation|Command: Command Execution,3
T1075,T1075,Pass the Hash (T1075),unspecified,,0
T1076,T1076,Remote Desktop Protocol (T1076),unspecified,,0
T1077,T1077,Windows Admin Shares (T1077),unspecified,,0
T1078,T1078,Valid Accounts (T1078),defense-evasion|persistence|privilege-escalation|initial-access,Logon Session: Logon Session Metadata|User Account: User Account Authentication|Logon Session: Logon Session Creation,3
T1078,T1078.001,Default Accounts (T1078.001),defense-evasion|persistence|privilege-escalation|initial-access,User Account: User Account Authentication|Logon Session: Logon Session Creation,2
T1078,T1078.002,Domain Accounts (T1078.002),defense-evasion|persistence|privilege-escalation|initial-access,Logon Session: Logon Session Metadata|User Account: User Account Authentication|Logon Session: Logon Session Creation,3
T1078,T1078.003,Local Accounts (T1078.003),defense-evasion|persistence|privilege-escalation|initial-access,Logon Session: Logon Session Metadata|User Account: User Account Authentication|Logon Session: Logon Session Creation,3
T1078,T1078.004,Cloud Accounts (T1078.004),defense-evasion|persistence|privilege-escalation|initial-access,Logon Session: Logon Session Metadata|User Account: User Account Authentication|Logon Session: Logon Session Creation,3
T1079,T1079,Multilayer Encryption (T1079),unspecified,,0
T1080,T1080,Taint Shared Content (T1080),lateral-movement,Process: Process Creation|File: File Creation|File: File Modification|Network Share: Network Share Access,4
T1081,T1081,Credentials in Files (T1081),unspecified,,0
T1082,T1082,System Information Discovery (T1082),discovery,Instance: Instance Metadata|Process: Process Creation|Command: Command Execution|Process: OS API Execution,4
T1083,T1083,File and Directory Discovery (T1083),discovery,Process: Process Creation|Command: Command Execution|Process: OS API Execution,3
T1084,T1084,Windows Management Instrumentation Event Subscription (T1084),unspecified,,0
T1085,T1085,Rundll32 (T1085),unspecified,,0
T1086,T1086,PowerShell (T1086),unspecified,,0
T1087,T1087,Account Discovery (T1087),discovery,User Account: User Account Metadata|Command: Command Execution|Process: Process Creation|File: File Access,4
T1087,T1087.001,Local Account (T1087.001),discovery,Process: Process Creation|Command: Command Execution|File: File Access,3
T1087,T1087.002,Domain Account (T1087.002),discovery,Process: Process Creation|Command: Command Execution,2
T1087,T1087.003,Email Account (T1087.003),discovery,User Account: User Account Metadata|Command: Command Execution,2
T1087,T1087.004,Cloud Account (T1087.004),discovery,User Account: User Account Metadata|Command: Command Execution,2
T1088,T1088,Bypass User Account Control (T1088),unspecified,,0
T1089,T1089,Disabling Security Tools (T1089),unspecified,,0
T1090,T1090,Proxy (T1090),command-and-control,Network Traffic: Network Traffic Flow|Network Traffic: Network Connection Creation|Network Traffic: Network Traffic Content,3
T1090,T1090.001,Internal Proxy (T1090.001),command-and-control,Network Traffic: Network Traffic Flow|Network Traffic: Network Connection Creation|Network Traffic: Network Traffic Content,3
T1090,T1090.002,External Proxy (T1090.002),command-and-control,Network Traffic: Network Traffic Flow|Network Traffic: Network Connection Creation|Network Traffic: Network Traffic Content,3
T1090,T1090.003,Multi-hop Proxy (T1090.003),command-and-control,Network Traffic: Network Traffic Flow|Network Traffic: Network Connection Creation|Network Traffic: Network Traffic Content,3
T1090,T1090.004,Domain Fronting (T1090.004),command-and-control,Network Traffic: Network Traffic Content,1
T1091,T1091,Replication Through Removable Media (T1091),lateral-movement|initial-access,Process: Process Creation|File: File Access|File: File Creation|Drive: Drive Creation,4
T1092,T1092,Communication Through Removable Media (T1092),command-and-control,Drive: Drive Creation|Drive: Drive Access,2
T1093,T1093,Process Hollowing (T1093),unspecified,,0
T1094,T1094,Custom Command and Control Protocol (T1094),unspecified,,0
T1095,T1095,Non-Application Layer Protocol (T1095),command-and-control,Network Traffic: Network Traffic Flow|Network Traffic: Network Traffic Content,2
T1096,T1096,NTFS File Attributes (T1096),unspecified,,0
T1097,T1097,Pass the Ticket (T1097),unspecified,,0
T1098,T1098,Account Manipulation (T1098),persistence,File: File Modification|Command: Command Execution|Process: Process Creation|Group: Group Modification|User Account: User Account Modification|Active Directory: Active Directory Object Modification,6
T1098,T1098.001,Additional Cloud Credentials (T1098.001),persistence,User Account: User Account Modification|Active Directory: Active Directory Object Modification,2
T1098,T1098.002,Exchange Email Delegate Permissions (T1098.002),persistence,Application Log: Application Log Content|Group: Group Modification|User Account: User Account Modification,3
T1098,T1098.003,Add Office 365 Global Administrator Role (T1098.003),persistence,User Account: User Account Modification,1
T1098,T1098.004,SSH Authorized Keys (T1098.004),persistence,Process: Process Creation|Command: Command Execution|File: File Modification,3
T1099,T1099,Timestomp (T1099),unspecified,,0
T1100,T1100,Web Shell (T1100),unspecified,,0
T1101,T1101,Security Support Provider (T1101),unspecified,,0
T1102,T1102,Web Service (T1102),command-and-control,Network Traffic: Network Traffic Flow|Network Traffic: Network Traffic Content|Network Traffic: Network Connection Creation,3
T1102,T1102.001,Dead Drop Resolver (T1102.001),command-and-control,Network Traffic: Network Traffic Flow|Network Traffic: Network Traffic Content,2
T1102,T1102.002,Bidirectional Communication (T1102.002),command-and-control,Network Traffic: Network Traffic Flow|Network Traffic: Network Traffic Content|Network Traffic: Network Connection Creation,3
T1102,T1102.003,One-Way Communication (T1102.003),command-and-control,Network Traffic: Network Traffic Flow|Network Traffic: Network Traffic Content|Network Traffic: Network Connection Creation,3
T1103,T1103,AppInit DLLs (T1103),unspecified,,0
T1104,T1104,Multi-Stage Channels (T1104),command-and-control,Network Traffic: Network Traffic Flow|Network Traffic: Network Connection Creation,2
T1105,T1105,Ingress Tool Transfer (T1105),command-and-control,Network Traffic: Network Traffic Flow|Network Traffic: Network Connection Creation|Network Traffic: Network Traffic Content|File: File Creation,4
T1106,T1106,Native API (T1106),execution,Process: OS API Execution|Module: Module Load,2
T1107,T1107,File Deletion (T1107),unspecified,,0
T1108,T1108,Redundant Access (T1108),defense-evasion|persistence,,0
T1109,T1109,Component Firmware (T1109),unspecified,,0
T1110,T1110,Brute Force (T1110),credential-access,Command: Command Execution|User Account: User Account Authentication|Application Log: Application Log Content,3
T1110,T1110.001,Password Guessing (T1110.001),credential-access,User Account: User Account Authentication|Application Log: Application Log Content,2
T1110,T1110.002,Password Cracking (T1110.002),credential-access,User Account: User Account Authentication|Application Log: Application Log Content,2
T1110,T1110.003,Password Spraying (T1110.003),credential-access,User Account: User Account Authentication|Application Log: Application Log Content,2
T1110,T1110.004,Credential Stuffing (T1110.004),credential-access,User Account: User Account Authentication|Application Log: Application Log Content,2
T1111,T1111,Two-Factor Authentication Interception (T1111),credential-access,Windows Registry: Windows Registry Key Modification|Driver: Driver Load|Process: OS API Execution,3
T1112,T1112,Modify Registry (T1112),defense-evasion,Process: Process Creation|Process: OS API Execution|Command: Command Execution|Windows Registry: Windows Registry Key Creation|Windows Registry: Windows Registry Key Modification|Windows Registry: Windows Registry Key Deletion,6
T1113,T1113,Screen Capture (T1113),collection,Process: OS API Execution|Command: Command Execution,2
T1114,T1114,Email Collection (T1114),collection,File: File Access|Network Traffic: Network Connection Creation|Logon Session: Logon Session Creation|Command: Command Execution|Application Log: Application Log Content,5
T1114,T1114.001,Local Email Collection (T1114.001),collection,File: File Access|Command: Command Execution,2
T1114,T1114.002,Remote Email Collection (T1114.002),collection,Network Traffic: Network Connection Creation|Logon Session: Logon Session Creation|Command: Command Execution,3
T1114,T1114.003,Email Forwarding Rule (T1114.003),collection,Application Log: Application Log Content,1
T1115,T1115,Clipboard Data (T1115),collection,Process: OS API Execution|Command: Command Execution,2
T1116,T1116,Code Signing (T1116),unspecified,,0
T1117,T1117,Regsvr32 (T1117),unspecified,,0
T1118,T1118,InstallUtil (T1118),unspecified,,0
T1119,T1119,Automated Collection (T1119),collection,File: File Access|Command: Command Execution|Script: Script Execution,3
T1120,T1120,Peripheral Device Discovery (T1120),discovery,Process: Process Creation|Command: Command Execution|Process: OS API Execution,3
T1121,T1121,Regsvcs/Regasm (T1121),unspecified,,0
T1122,T1122,Component Object Model Hijacking (T1122),unspecified,,0
T1123,T1123,Audio Capture (T1123),collection,Process: OS API Execution|Command: Command Execution,2
T1124,T1124,System Time Discovery (T1124),discovery,Process: Process Creation|Command: Command Execution|Process: OS API Execution,3
T1125,T1125,Video Capture (T1125),collection,Process: OS API Execution|Command: Command Execution,2
T1126,T1126,Network Share Connection Removal (T1126),unspecified,,0
T1127,T1127,Trusted Developer Utilities Proxy Execution (T1127),defense-evasion,Process: Process Creation|Command: Command Execution,2
T1127,T1127.001,MSBuild (T1127.001),defense-evasion,Process: Process Creation|Command: Command Execution,2
T1128,T1128,Netsh Helper DLL (T1128),unspecified,,0
T1129,T1129,Shared Modules (T1129),execution,Process: OS API Execution|Module: Module Load,2
T1130,T1130,Install Root Certificate (T1130),unspecified,,0
T1131,T1131,Authentication Package (T1131),unspecified,,0
T1132,T1132,Data Encoding (T1132),command-and-control,Network Traffic: Network Traffic Content,1
T1132,T1132.001,Standard Encoding (T1132.001),command-and-control,Network Traffic: Network Traffic Content,1
T1132,T1132.002,Non-Standard Encoding (T1132.002),command-and-control,Network Traffic: Network Traffic Content,1
T1133,T1133,External Remote Services (T1133),persistence|initial-access,Application Log: Application Log Content|Logon Session: Logon Session Metadata|Network Traffic: Network Traffic Flow,3
T1134,T1134,Access Token Manipulation (T1134),defense-evasion|privilege-escalation,Process: Process Creation|Process: Process Metadata|Process: OS API Execution|User Account: User Account Metadata|Active Directory: Active Directory Object Modification|Command: Command Execution,6
T1134,T1134.001,Token Impersonation/Theft (T1134.001),defense-evasion|privilege-escalation,Process: OS API Execution|Command: Command Execution,2
T1134,T1134.002,Create Process with Token (T1134.002),defense-evasion|privilege-escalation,Process: OS API Execution|Command: Command Execution,2
T1134,T1134.003,Make and Impersonate Token (T1134.003),defense-evasion|privilege-escalation,Process: OS API Execution|Command: Command Execution,2
T1134,T1134.004,Parent PID Spoofing (T1134.004),defense-evasion|privilege-escalation,Process: OS API Execution|Process: Process Creation|Process: Process Metadata,3
T1134,T1134.005,SID-History Injection (T1134.005),defense-evasion|privilege-escalation,Process: OS API Execution|User Account: User Account Metadata|Active Directory: Active Directory Object Modification,3
T1135,T1135,Network Share Discovery (T1135),discovery,Process: Process Creation|Command: Command Execution|Process: OS API Execution,3
T1136,T1136,Create Account (T1136),persistence,User Account: User Account Creation|Process: Process Creation|Command: Command Execution,3
T1136,T1136.001,Local Account (T1136.001),persistence,User Account: User Account Creation|Process: Process Creation|Command: Command Execution,3
T1136,T1136.002,Domain Account (T1136.002),persistence,User Account: User Account Creation|Process: Process Creation|Command: Command Execution,3
T1136,T1136.003,Cloud Account (T1136.003),persistence,User Account: User Account Creation,1
T1137,T1137,Office Application Startup (T1137),persistence,Process: Process Creation|Command: Command Execution|Windows Registry: Windows Registry Key Creation|Windows Registry: Windows Registry Key Modification|File: File Creation|File: File Modification|Module: Module Load|Application Log: Application Log Content,8
T1137,T1137.001,Office Template Macros (T1137.001),persistence,Process: Process Creation|Command: Command Execution|Windows Registry: Windows Registry Key Creation|Windows Registry: Windows Registry Key Modification|File: File Creation|File: File Modification,6
T1137,T1137.002,Office Test (T1137.002),persistence,Process: Process Creation|Command: Command Execution|Windows Registry: Windows Registry Key Creation|Windows Registry: Windows Registry Key Modification|File: File Creation|File: File Modification|Module: Module Load,7
T1137,T1137.003,Outlook Forms (T1137.003),persistence,Process: Process Creation|Command: Command Execution|Application Log: Application Log Content,3
T1137,T1137.004,Outlook Home Page (T1137.004),persistence,Process: Process Creation|Command: Command Execution|Application Log: Application Log Content,3
T1137,T1137.005,Outlook Rules (T1137.005),persistence,Process: Process Creation|Command: Command Execution|Application Log: Application Log Content,3
T1137,T1137.006,Add-ins (T1137.006),persistence,Process: Process Creation|Command: Command Execution|Windows Registry: Windows Registry Key Creation|Windows Registry: Windows Registry Key Modification|File: File Creation|File: File Modification,6
T1138,T1138,Application Shimming (T1138),unspecified,,0
T1139,T1139,Bash History (T1139),unspecified,,0
T1140,T1140,Deobfuscate/Decode Files or Information (T1140),defense-evasion,Process: Process Creation|File: File Modification|Script: Script Execution,3
T1141,T1141,Input Prompt (T1141),unspecified,,0
T1142,T1142,Keychain (T1142),unspecified,,0
T1143,T1143,Hidden Window (T1143),unspecified,,0
T1144,T1144,Gatekeeper Bypass (T1144),unspecified,,0
T1145,T1145,Private Keys (T1145),unspecified,,0
T1146,T1146,Clear Command History (T1146),unspecified,,0
T1147,T1147,Hidden Users (T1147),unspecified,,0
T1148,T1148,HISTCONTROL (T1148),unspecified,,0
T1149,T1149,LC_MAIN Hijacking (T1149),defense-evasion,,0
T1150,T1150,Plist Modification (T1150),unspecified,,0
T1151,T1151,Space after Filename (T1151),unspecified,,0
T1152,T1152,Launchctl (T1152),unspecified,,0
T1153,T1153,Source (T1153),execution,,0
T1154,T1154,Trap (T1154),unspecified,,0
T1155,T1155,AppleScript (T1155),unspecified,,0
T1156,T1156,Malicious Shell Modification (T1156),unspecified,,0
T1157,T1157,Dylib Hijacking (T1157),unspecified,,0
T1158,T1158,Hidden Files and Directories (T1158),unspecified,,0
T1159,T1159,Launch Agent (T1159),unspecified,,0
T1160,T1160,Launch Daemon (T1160),unspecified,,0
T1161,T1161,LC_LOAD_DYLIB Addition (T1161),unspecified,,0
T1162,T1162,Login Item (T1162),unspecified,,0
T1163,T1163,Rc.common (T1163),unspecified,,0
T1164,T1164,Re-opened Applications (T1164),unspecified,,0
T1165,T1165,Startup Items (T1165),unspecified,,0
T1166,T1166,Setuid and Setgid (T1166),unspecified,,0
T1167,T1167,Securityd Memory (T1167),unspecified,,0
T1168,T1168,Local Job Scheduling (T1168),unspecified,,0
T1169,T1169,Sudo (T1169),unspecified,,0
T1170,T1170,Mshta (T1170),unspecified,,0
T1171,T1171,LLMNR/NBT-NS Poisoning and Relay (T1171),unspecified,,0
T1172,T1172,Domain Fronting (T1172),unspecified,,0
T1173,T1173,Dynamic Data Exchange (T1173),unspecified,,0
T1174,T1174,Password Filter DLL (T1174),unspecified,,0
T1175,T1175,Component Object Model and Distributed COM (T1175),lateral-movement|execution,,0
T1176,T1176,Browser Extensions (T1176),persistence,Command: Command Execution|Process: Process Creation|Network Traffic: Network Connection Creation|Windows Registry: Windows Registry Key Creation|File: File Creation,5
T1177,T1177,LSASS Driver (T1177),unspecified,,0
T1178,T1178,SID-History Injection (T1178),unspecified,,0
T1179,T1179,Hooking (T1179),unspecified,,0
T1180,T1180,Screensaver (T1180),unspecified,,0
T1181,T1181,Extra Window Memory Injection (T1181),unspecified,,0
T1182,T1182,AppCert DLLs (T1182),unspecified,,0
T1183,T1183,Image File Execution Options Injection (T1183),unspecified,,0
T1184,T1184,SSH Hijacking (T1184),unspecified,,0
T1185,T1185,Browser Session Hijacking (T1185),collection,Process: Process Modification|Process: Process Access|Logon Session: Logon Session Creation,3
T1186,T1186,Process Doppelgänging (T1186),unspecified,,0
T1187,T1187,Forced Authentication (T1187),credential-access,File: File Access|File: File Creation|File: File Modification|Network Traffic: Network Traffic Content|Network Traffic: Network Traffic Flow,5
T1188,T1188,Multi-hop Proxy (T1188),unspecified,,0
T1189,T1189,Drive-by Compromise (T1189),initial-access,File: File Creation|Process: Process Creation|Network Traffic: Network Connection Creation|Network Traffic: Network Traffic Content|Application Log: Application Log Content,5
T1190,T1190,Exploit Public-Facing Application (T1190),initial-access,Application Log: Application Log Content|Network Traffic: Network Traffic Content,2
T1191,T1191,CMSTP (T1191),unspecified,,0
T1192,T1192,Spearphishing Link (T1192),unspecified,,0
T1193,T1193,Spearphishing Attachment (T1193),unspecified,,0
T1194,T1194,Spearphishing via Service (T1194),unspecified,,0
T1195,T1195,Supply Chain Compromise (T1195),initial-access,,0
T1195,T1195.001,Compromise Software Dependencies and Development Tools (T1195.001),initial-access,,0
T1195,T1195.002,Compromise Software Supply Chain (T1195.002),initial-access,,0
T1195,T1195.003,Compromise Hardware Supply Chain (T1195.003),initial-access,,0
T1196,T1196,Control Panel Items (T1196),unspecified,,0
T1197,T1197,BITS Jobs (T1197),defense-evasion|persistence,Process: Process Creation|Network Traffic: Network Connection Creation|Service: Service Metadata|Command: Command Execution,4
T1198,T1198,SIP and Trust Provider Hijacking (T1198),unspecified,,0
T1199,T1199,Trusted Relationship (T1199),initial-access,Application Log: Application Log Content|Logon Session: Logon Session Metadata|Logon Session: Logon Session Creation,3
T1200,T1200,Hardware Additions (T1200),initial-access,,0
T1201,T1201,Password Policy Discovery (T1201),discovery,User Account: User Account Metadata|Process: Process Creation|Command: Command Execution,3
T1202,T1202,Indirect Command Execution (T1202),defense-evasion,Process: Process Creation|Command: Command Execution,2
T1203,T1203,Exploitation for Client Execution (T1203),execution,,0
T1204,T1204,User Execution (T1204),execution,Application Log: Application Log Content|Instance: Instance Start|Instance: Instance Creation|Image: Image Creation|Command: Command Execution|Container: Container Start|Container: Container Creation|Network Traffic: Network Connection Creation|Network Traffic: Network Traffic Content|File: File Creation|Process: Process Creation,11
T1204,T1204.001,Malicious Link (T1204.001),execution,Network Traffic: Network Connection Creation|Network Traffic: Network Traffic Content|File: File Creation,3
T1204,T1204.002,Malicious File (T1204.002),execution,Process: Process Creation|File: File Creation,2
T1204,T1204.003,Malicious Image (T1204.003),execution,Container: Container Creation|Container: Container Start|Command: Command Execution|Image: Image Creation|Instance: Instance Creation|Instance: Instance Start|Application Log: Application Log Content,7
T1205,T1205,Traffic Signaling (T1205),defense-evasion|persistence|command-and-control,Network Traffic: Network Connection Creation|Network Traffic: Network Traffic Flow|Network Traffic: Network Traffic Content,3
T1205,T1205.001,Port Knocking (T1205.001),defense-evasion|persistence|command-and-control,Network Traffic: Network Connection Creation|Network Traffic: Network Traffic Flow,2
T1206,T1206,Sudo Caching (T1206),unspecified,,0
T1207,T1207,Rogue Domain Controller (T1207),defense-evasion,Active Directory: Active Directory Object Creation|Active Directory: Active Directory Object Modification|Network Traffic: Network Traffic Content|User Account: User Account Authentication,4
T1208,T1208,Kerberoasting (T1208),unspecified,,0
T1209,T1209,Time Providers (T1209),unspecified,,0
T1210,T1210,Exploitation of Remote Services (T1210),lateral-movement,Application Log: Application Log Content|Network Traffic: Network Traffic Content,2
T1211,T1211,Exploitation for Defense Evasion (T1211),defense-evasion,,0
T1212,T1212,Exploitation for Credential Access (T1212),credential-access,,0
T1213,T1213,Data from Information Repositories (T1213),collection,Logon Session: Logon Session Creation|Application Log: Application Log Content,2
T1213,T1213.001,Confluence (T1213.001),collection,Logon Session: Logon Session Creation|Application Log: Application Log Content,2
T1213,T1213.002,Sharepoint (T1213.002),collection,Logon Session: Logon Session Creation|Application Log: Application Log Content,2
T1213,T1213.003,Code Repositories (T1213.003),collection,Logon Session: Logon Session Creation|Application Log: Application Log Content,2
T1214,T1214,Credentials in Registry (T1214),unspecified,,0
T1215,T1215,Kernel Modules and Extensions (T1215),unspecified,,0
T1216,T1216,Signed Script Proxy Execution (T1216),defense-evasion,Process: Process Creation|Command: Command Execution|Script: Script Execution,3
T1216,T1216.001,PubPrn (T1216.001),defense-evasion,Process: Process Creation|Command: Command Execution|Script: Script Execution,3
T1217,T1217,Browser Bookmark Discovery (T1217),discovery,Process: Process Creation|Command: Command Execution|File: File Access,3
T1218,T1218,Signed Binary Proxy Execution (T1218),defense-evasion,Process: Process Creation|File: File Creation|Module: Module Load|Process: OS API Execution|Command: Command Execution|Windows Registry: Windows Registry Key Modification|Network Traffic: Network Connection Creation,7
T1218,T1218.001,Compiled HTML File (T1218.001),defense-evasion,Process: Process Creation|File: File Creation|Command: Command Execution,3
T1218,T1218.002,Control Panel (T1218.002),defense-evasion,Process: Process Creation|File: File Creation|Module: Module Load|Process: OS API Execution|Command: Command Execution|Windows Registry: Windows Registry Key Modification,6
T1218,T1218.003,CMSTP (T1218.003),defense-evasion,Process: Process Creation|Command: Command Execution|Network Traffic: Network Connection Creation,3
T1218,T1218.004,InstallUtil (T1218.004),defense-evasion,Process: Process Creation|Command: Command Execution,2
T1218,T1218.005,Mshta (T1218.005),defense-evasion,Process: Process Creation|File: File Creation|Command: Command Execution|Network Traffic: Network Connection Creation,4
T1218,T1218.007,Msiexec (T1218.007),defense-evasion,Process: Process Creation|Module: Module Load|Command: Command Execution|Network Traffic: Network Connection Creation,4
T1218,T1218.008,Odbcconf (T1218.008),defense-evasion,Process: Process Creation|Module: Module Load|Command: Command Execution,3
T1218,T1218.009,Regsvcs/Regasm (T1218.009),defense-evasion,Process: Process Creation|Command: Command Execution,2
T1218,T1218.010,Regsvr32 (T1218.010),defense-evasion,Process: Process Creation|Module: Module Load|Command: Command Execution|Network Traffic: Network Connection Creation,4
T1218,T1218.011,Rundll32 (T1218.011),defense-evasion,File: File Metadata|Process: Process Creation|Command: Command Execution|Module: Module Load,4
T1218,T1218.012,Verclsid (T1218.012),defense-evasion,Process: Process Creation|Command: Command Execution,2
T1218,T1218.013,Mavinject (T1218.013),defense-evasion,Process: Process Creation|Command: Command Execution,2
T1218,T1218.014,MMC (T1218.014),defense-evasion,Process: Process Creation|File: File Creation|Command: Command Execution,3
T1219,T1219,Remote Access Software (T1219),command-and-control,Process: Process Creation|Network Traffic: Network Traffic Flow|Network Traffic: Network Connection Creation|Network Traffic: Network Traffic Content,4
T1220,T1220,XSL Script Processing (T1220),defense-evasion,Process: Process Creation|Module: Module Load,2
T1221,T1221,Template Injection (T1221),defense-evasion,Process: Process Creation|Network Traffic: Network Connection Creation|Network Traffic: Network Traffic Content,3
T1222,T1222,File and Directory Permissions Modification (T1222),defense-evasion,Process: Process Creation|Command: Command Execution|Active Directory: Active Directory Object Modification|File: File Metadata,4
T1222,T1222.001,Windows File and Directory Permissions Modification (T1222.001),defense-evasion,Process: Process Creation|Command: Command Execution|Active Directory: Active Directory Object Modification|File: File Metadata,4
T1222,T1222.002,Linux and Mac File and Directory Permissions Modification (T1222.002),defense-evasion,Process: Process Creation|Command: Command Execution|File: File Metadata,3
T1223,T1223,Compiled HTML File (T1223),unspecified,,0
T1480,T1480,Execution Guardrails (T1480),defense-evasion,Process: Process Creation|Command: Command Execution,2
T1480,T1480.001,Environmental Keying (T1480.001),defense-evasion,Process: Process Creation|Command: Command Execution,2
T1482,T1482,Domain Trust Discovery (T1482),discovery,Process: Process Creation|Command: Command Execution|Process: OS API Execution|Script: Script Execution,4
T1483,T1483,Domain Generation Algorithms (T1483),unspecified,,0
T1484,T1484,Domain Policy Modification (T1484),defense-evasion|privilege-escalation,Active Directory: Active Directory Object Creation|Active Directory: Active Directory Object Deletion|Active Directory: Active Directory Object Modification|Command: Command Execution,4
T1484,T1484.001,Group Policy Modification (T1484.001),defense-evasion|privilege-escalation,Active Directory: Active Directory Object Creation|Active Directory: Active Directory Object Deletion|Active Directory: Active Directory Object Modification|Command: Command Execution,4
T1484,T1484.002,Domain Trust Modification (T1484.002),defense-evasion|privilege-escalation,Active Directory: Active Directory Object Creation|Active Directory: Active Directory Object Modification|Command: Command Execution,3
T1485,T1485,Data Destruction (T1485),impact,Process: Process Creation|Command: Command Execution|File: File Modification|File: File Deletion|Image: Image Deletion|Instance: Instance Deletion|Snapshot: Snapshot Deletion|Cloud Storage: Cloud Storage Deletion|Volume: Volume Deletion,9
T1486,T1486,Data Encrypted for Impact (T1486),impact,Cloud Storage: Cloud Storage Metadata|Cloud Storage: Cloud Storage Modification|Process: Process Creation|Command: Command Execution|File: File Modification|File: File Creation,6
T1487,T1487,Disk Structure Wipe (T1487),unspecified,,0
T1488,T1488,Disk Content Wipe (T1488),unspecified,,0
T1489,T1489,Service Stop (T1489),impact,Process: Process Creation|Command: Command Execution|Process: OS API Execution|Service: Service Metadata|Windows Registry: Windows Registry Key Modification|File: File Modification|Process: Process Termination,7
T1490,T1490,Inhibit System Recovery (T1490),impact,Process: Process Creation|Command: Command Execution|Service: Service Metadata|Windows Registry: Windows Registry Key Modification|File: File Deletion,5
T1491,T1491,Defacement (T1491),impact,File: File Modification|File: File Creation|Application Log: Application Log Content|Network Traffic: Network Traffic Content,4
T1491,T1491.001,Internal Defacement (T1491.001),impact,File: File Modification|File: File Creation|Application Log: Application Log Content|Network Traffic: Network Traffic Content,4
T1491,T1491.002,External Defacement (T1491.002),impact,File: File Modification|File: File Creation|Application Log: Application Log Content|Network Traffic: Network Traffic Content,4
T1492,T1492,Stored Data Manipulation (T1492),unspecified,,0
T1493,T1493,Transmitted Data Manipulation (T1493),unspecified,,0
T1494,T1494,Runtime Data Manipulation (T1494),unspecified,,0
T1495,T1495,Firmware Corruption (T1495),impact,Firmware: Firmware Modification,1
T1496,T1496,Resource Hijacking (T1496),impact,Process: Process Creation|Command: Command Execution|File: File Creation|Network Traffic: Network Connection Creation|Network Traffic: Network Traffic Flow|Sensor Health: Host Status,6
T1497,T1497,Virtualization/Sandbox Evasion (T1497),defense-evasion|discovery,Process: Process Creation|Command: Command Execution|Process: OS API Execution,3
T1497,T1497.001,System Checks (T1497.001),defense-evasion|discovery,Process: Process Creation|Command: Command Execution|Process: OS API Execution,3
T1497,T1497.002,User Activity Based Checks (T1497.002),defense-evasion|discovery,Process: Process Creation|Command: Command Execution|Process: OS API Execution,3
T1497,T1497.003,Time Based Evasion (T1497.003),defense-evasion|discovery,Process: Process Creation|Command: Command Execution|Process: OS API Execution,3
T1498,T1498,Network Denial of Service (T1498),impact,Sensor Health: Host Status|Network Traffic: Network Traffic Flow,2
T1498,T1498.001,Direct Network Flood (T1498.001),impact,Sensor Health: Host Status|Network Traffic: Network Traffic Flow,2
T1498,T1498.002,Reflection Amplification (T1498.002),impact,Sensor Health: Host Status|Network Traffic: Network Traffic Flow,2
T1499,T1499,Endpoint Denial of Service (T1499),impact,Sensor Health: Host Status|Application Log: Application Log Content|Network Traffic: Network Traffic Content|Network Traffic: Network Traffic Flow,4
T1499,T1499.001,OS Exhaustion Flood (T1499.001),impact,Sensor Health: Host Status|Network Traffic: Network Traffic Content|Network Traffic: Network Traffic Flow,3
T1499,T1499.002,Service Exhaustion Flood (T1499.002),impact,Sensor Health: Host Status|Application Log: Application Log Content|Network Traffic: Network Traffic Content|Network Traffic: Network Traffic Flow,4
T1499,T1499.003,Application Exhaustion Flood (T1499.003),impact,Sensor Health: Host Status|Application Log: Application Log Content|Network Traffic: Network Traffic Content|Network Traffic: Network Traffic Flow,4
T1499,T1499.004,Application or System Exploitation (T1499.004),impact,Sensor Health: Host Status|Application Log: Application Log Content|Network Traffic: Network Traffic Content|Network Traffic: Network Traffic Flow,4
T1500,T1500,Compile After Delivery (T1500),unspecified,,0
T1501,T1501,Systemd Service (T1501),unspecified,,0
T1502,T1502,Parent PID Spoofing (T1502),unspecified,,0
T1503,T1503,Credentials from Web Browsers (T1503),unspecified,,0
T1504,T1504,PowerShell Profile (T1504),unspecified,,0
T1505,T1505,Server Software Component (T1505),persistence,File: File Creation|File: File Modification|Process: Process Creation|Network Traffic: Network Traffic Content|Network Traffic: Network Traffic Flow|Application Log: Application Log Content,6
T1505,T1505.001,SQL Stored Procedures (T1505.001),persistence,Application Log: Application Log Content,1
T1505,T1505.002,Transport Agent (T1505.002),persistence,File: File Creation|Application Log: Application Log Content,2
T1505,T1505.003,Web Shell (T1505.003),persistence,File: File Creation|File: File Modification|Process: Process Creation|Network Traffic: Network Traffic Content|Network Traffic: Network Traffic Flow|Application Log: Application Log Content,6
T1505,T1505.004,IIS Components (T1505.004),persistence,File: File Creation|File: File Modification|Command: Command Execution,3
T1506,T1506,Web Session Cookie (T1506),unspecified,,0
T1514,T1514,Elevated Execution with Prompt (T1514),unspecified,,0
T1518,T1518,Software Discovery (T1518),discovery,Firewall: Firewall Metadata|Firewall: Firewall Enumeration|Process: Process Creation|Command: Command Execution|Process: OS API Execution,5
T1518,T1518.001,Security Software Discovery (T1518.001),discovery,Firewall: Firewall Metadata|Firewall: Firewall Enumeration|Process: Process Creation|Command: Command Execution|Process: OS API Execution,5
T1519,T1519,Emond (T1519),unspecified,,0
T1522,T1522,Cloud Instance Metadata API (T1522),unspecified,,0
T1525,T1525,Implant Internal Image (T1525),persistence,Image: Image Creation|Image: Image Modification,2
T1526,T1526,Cloud Service Discovery (T1526),discovery,Cloud Service: Cloud Service Metadata|Cloud Service: Cloud Service Enumeration,2
T1527,T1527,Application Access Token (T1527),unspecified,,0
T1528,T1528,Steal Application Access Token (T1528),credential-access,User Account: User Account Modification,1
T1529,T1529,System Shutdown/Reboot (T1529),impact,Process: Process Creation|Command: Command Execution|Sensor Health: Host Status,3
T1530,T1530,Data from Cloud Storage Object (T1530),collection,Cloud Storage: Cloud Storage Access,1
T1531,T1531,Account Access Removal (T1531),impact,User Account: User Account Deletion|User Account: User Account Modification|Active Directory: Active Directory Object Modification,3
T1534,T1534,Internal Spearphishing (T1534),lateral-movement,Application Log: Application Log Content|Network Traffic: Network Traffic Flow|Network Traffic: Network Traffic Content,3
T1535,T1535,Unused/Unsupported Cloud Regions (T1535),defense-evasion,Instance: Instance Creation,1
T1536,T1536,Revert Cloud Instance (T1536),unspecified,,0
T1537,T1537,Transfer Data to Cloud Account (T1537),exfiltration,Snapshot: Snapshot Creation|Snapshot: Snapshot Modification|Cloud Storage: Cloud Storage Modification|Cloud Storage: Cloud Storage Creation,4
T1538,T1538,Cloud Service Dashboard (T1538),discovery,User Account: User Account Authentication|Logon Session: Logon Session Creation,2
T1539,T1539,Steal Web Session Cookie (T1539),credential-access,File: File Access|Process: Process Access,2
T1542,T1542,Pre-OS Boot (T1542),defense-evasion|persistence,Command: Command Execution|Network Traffic: Network Connection Creation|Firmware: Firmware Modification|Driver: Driver Metadata|Process: OS API Execution|Drive: Drive Modification,6
T1542,T1542.001,System Firmware (T1542.001),persistence|defense-evasion,Firmware: Firmware Modification,1
T1542,T1542.002,Component Firmware (T1542.002),persistence|defense-evasion,Driver: Driver Metadata|Firmware: Firmware Modification|Process: OS API Execution,3
T1542,T1542.003,Bootkit (T1542.003),persistence|defense-evasion,Drive: Drive Modification,1
T1542,T1542.004,ROMMONkit (T1542.004),defense-evasion|persistence,Firmware: Firmware Modification,1
T1542,T1542.005,TFTP Boot (T1542.005),defense-evasion|persistence,Command: Command Execution|Network Traffic: Network Connection Creation|Firmware: Firmware Modification,3
T1543,T1543,Create or Modify System Process (T1543),persistence|privilege-escalation,Service: Service Creation|Service: Service Modification|Process: Process Creation|Process: OS API Execution|Command: Command Execution|Windows Registry: Windows Registry Key Creation|Windows Registry: Windows Registry Key Modification|File: File Creation|File: File Modification,9
T1543,T1543.001,Launch Agent (T1543.001),persistence|privilege-escalation,File: File Creation|File: File Modification|Command: Command Execution|Service: Service Creation|Service: Service Modification,5
T1543,T1543.002,Systemd Service (T1543.002),persistence|privilege-escalation,File: File Creation|File: File Modification|Process: Process Creation|Command: Command Execution|Service: Service Creation|Service: Service Modification,6
T1543,T1543.003,Windows Service (T1543.003),persistence|privilege-escalation,Service: Service Creation|Service: Service Modification|Process: Process Creation|Process: OS API Execution|Command: Command Execution|Windows Registry: Windows Registry Key Creation|Windows Registry: Windows Registry Key Modification,7
T1543,T1543.004,Launch Daemon (T1543.004),persistence|privilege-escalation,File: File Creation|File: File Modification|Process: Process Creation|Command: Command Execution|Service: Service Creation|Service: Service Modification,6
T1546,T1546,Event Triggered Execution (T1546),privilege-escalation|persistence,Process: Process Creation|Windows Registry: Windows Registry Key Modification|Command: Command Execution|File: File Creation|File: File Modification|WMI: WMI Creation|File: File Metadata|Module: Module Load,8
T1546,T1546.001,Change Default File Association (T1546.001),privilege-escalation|persistence,Process: Process Creation|Windows Registry: Windows Registry Key Modification|Command: Command Execution,3
T1546,T1546.002,Screensaver (T1546.002),privilege-escalation|persistence,Process: Process Creation|Windows Registry: Windows Registry Key Modification|Command: Command Execution|File: File Creation|File: File Modification,5
T1546,T1546.003,Windows Management Instrumentation Event Subscription (T1546.003),privilege-escalation|persistence,Command: Command Execution|Process: Process Creation|WMI: WMI Creation,3
T1546,T1546.004,Unix Shell Configuration Modification (T1546.004),privilege-escalation|persistence,Process: Process Creation|Command: Command Execution|File: File Creation|File: File Modification,4
T1546,T1546.005,Trap (T1546.005),privilege-escalation|persistence,Process: Process Creation|Command: Command Execution|File: File Creation|File: File Modification,4
T1546,T1546.006,LC_LOAD_DYLIB Addition (T1546.006),privilege-escalation|persistence,Process: Process Creation|Command: Command Execution|File: File Metadata|File: File Modification|Module: Module Load,5
T1546,T1546.007,Netsh Helper DLL (T1546.007),privilege-escalation|persistence,Process: Process Creation|Windows Registry: Windows Registry Key Modification|Command: Command Execution|Module: Module Load,4
T1546,T1546.008,Accessibility Features (T1546.008),privilege-escalation|persistence,Process: Process Creation|Windows Registry: Windows Registry Key Modification|Command: Command Execution|File: File Creation|File: File Modification,5
T1546,T1546.009,AppCert DLLs (T1546.009),privilege-escalation|persistence,Process: Process Creation|Windows Registry: Windows Registry Key Modification|Command: Command Execution|Module: Module Load,4
T1546,T1546.010,AppInit DLLs (T1546.010),privilege-escalation|persistence,Process: Process Creation|Windows Registry: Windows Registry Key Modification|Command: Command Execution|Module: Module Load,4
T1546,T1546.011,Application Shimming (T1546.011),privilege-escalation|persistence,Process: Process Creation|Windows Registry: Windows Registry Key Modification|Command: Command Execution|Module: Module Load|File: File Modification,5
T1546,T1546.012,Image File Execution Options Injection (T1546.012),privilege-escalation|persistence,Process: Process Creation|Windows Registry: Windows Registry Key Modification|Command: Command Execution,3
T1546,T1546.013,PowerShell Profile (T1546.013),privilege-escalation|persistence,Process: Process Creation|Command: Command Execution|File: File Modification|File: File Creation,4
T1546,T1546.014,Emond (T1546.014),privilege-escalation|persistence,Process: Process Creation|Command: Command Execution|File: File Modification|File: File Creation,4
T1546,T1546.015,Component Object Model Hijacking (T1546.015),privilege-escalation|persistence,Process: Process Creation|Windows Registry: Windows Registry Key Modification|Command: Command Execution|Module: Module Load,4
T1547,T1547,Boot or Logon Autostart Execution (T1547),persistence|privilege-escalation,File: File Creation|Windows Registry: Windows Registry Key Creation|Windows Registry: Windows Registry Key Modification|File: File Modification|Command: Command Execution|Process: Process Creation|Module: Module Load|Kernel: Kernel Module Load|Driver: Driver Load|Process: OS API Execution,10
T1547,T1547.001,Registry Run Keys / Startup Folder (T1547.001),persistence|privilege-escalation,Windows Registry: Windows Registry Key Creation|Windows Registry: Windows Registry Key Modification|File: File Modification|Command: Command Execution|Process: Process Creation,5
T1547,T1547.002,Authentication Package (T1547.002),persistence|privilege-escalation,Windows Registry: Windows Registry Key Modification|Module: Module Load|Command: Command Execution,3
T1547,T1547.003,Time Providers (T1547.003),persistence|privilege-escalation,Windows Registry: Windows Registry Key Modification|Module: Module Load|Command: Command Execution|Process: Process Creation,4
T1547,T1547.004,Winlogon Helper DLL (T1547.004),persistence|privilege-escalation,Windows Registry: Windows Registry Key Modification|Module: Module Load|Command: Command Execution,3
T1547,T1547.005,Security Support Provider (T1547.005),persistence|privilege-escalation,Windows Registry: Windows Registry Key Modification|Module: Module Load|Command: Command Execution,3
T1547,T1547.006,Kernel Modules and Extensions (T1547.006),persistence|privilege-escalation,File: File Modification|Command: Command Execution|File: File Creation|Kernel: Kernel Module Load,4
T1547,T1547.007,Re-opened Applications (T1547.007),persistence|privilege-escalation,File: File Modification|Command: Command Execution,2
T1547,T1547.008,LSASS Driver (T1547.008),persistence|privilege-escalation,Module: Module Load|Driver: Driver Load|File: File Modification|File: File Creation,4
T1547,T1547.009,Shortcut Modification (T1547.009),persistence|privilege-escalation,File: File Creation|File: File Modification|Process: Process Creation,3
T1547,T1547.010,Port Monitors (T1547.010),persistence|privilege-escalation,File: File Creation|Process: OS API Execution|Module: Module Load|Windows Registry: Windows Registry Key Modification,4
T1547,T1547.011,Plist Modification (T1547.011),persistence|privilege-escalation,Service: Service Creation|Command: Command Execution|File: File Modification|Process: Process Creation,4
T1547,T1547.012,Print Processors (T1547.012),persistence|privilege-escalation,File: File Creation|Process: OS API Execution|Module: Module Load|Windows Registry: Windows Registry Key Modification|Driver: Driver Load,5
T1547,T1547.013,XDG Autostart Entries (T1547.013),persistence|privilege-escalation,File: File Creation|File: File Modification|Process: Process Creation|Command: Command Execution,4
T1547,T1547.014,Active Setup (T1547.014),persistence|privilege-escalation,Windows Registry: Windows Registry Key Creation|Windows Registry: Windows Registry Key Modification|Process: Process Creation|Command: Command Execution,4
T1547,T1547.015,Login Items (T1547.015),persistence|privilege-escalation,Process: Process Creation|File: File Modification|File: File Creation,3
T1548,T1548,Abuse Elevation Control Mechanism (T1548),privilege-escalation|defense-evasion,Process: Process Metadata|Process: Process Creation|Windows Registry: Windows Registry Key Modification|Command: Command Execution|File: File Metadata|File: File Modification|Process: OS API Execution,7
T1548,T1548.001,Setuid and Setgid (T1548.001),privilege-escalation|defense-evasion,Command: Command Execution|File: File Metadata|File: File Modification,3
T1548,T1548.002,Bypass User Account Control (T1548.002),privilege-escalation|defense-evasion,Process: Process Metadata|Process: Process Creation|Windows Registry: Windows Registry Key Modification|Command: Command Execution,4
T1548,T1548.003,Sudo and Sudo Caching (T1548.003),privilege-escalation|defense-evasion,Process: Process Metadata|Process: Process Creation|Command: Command Execution|File: File Modification,4
T1548,T1548.004,Elevated Execution with Prompt (T1548.004),privilege-escalation|defense-evasion,Process: OS API Execution|Process: Process Creation,2
T1550,T1550,Use Alternate Authentication Material (T1550),defense-evasion|lateral-movement,Logon Session: Logon Session Creation|Web Credential: Web Credential Usage|Application Log: Application Log Content|User Account: User Account Authentication|Active Directory: Active Directory Credential Request,5
T1550,T1550.001,Application Access Token (T1550.001),defense-evasion|lateral-movement,Web Credential: Web Credential Usage|Application Log: Application Log Content,2
T1550,T1550.002,Pass the Hash (T1550.002),defense-evasion|lateral-movement,User Account: User Account Authentication|Logon Session: Logon Session Creation|Active Directory: Active Directory Credential Request,3
T1550,T1550.003,Pass the Ticket (T1550.003),defense-evasion|lateral-movement,User Account: User Account Authentication|Logon Session: Logon Session Creation|Active Directory: Active Directory Credential Request,3
T1550,T1550.004,Web Session Cookie (T1550.004),defense-evasion|lateral-movement,Web Credential: Web Credential Usage|Application Log: Application Log Content,2
T1552,T1552,Unsecured Credentials (T1552),credential-access,Command: Command Execution|File: File Access|Process: Process Creation|User Account: User Account Authentication|Windows Registry: Windows Registry Key Access,5
T1552,T1552.001,Credentials In Files (T1552.001),credential-access,File: File Access|Command: Command Execution,2
T1552,T1552.002,Credentials in Registry (T1552.002),credential-access,Process: Process Creation|Command: Command Execution|Windows Registry: Windows Registry Key Access,3
T1552,T1552.003,Bash History (T1552.003),credential-access,File: File Access|Command: Command Execution,2
T1552,T1552.004,Private Keys (T1552.004),credential-access,File: File Access|Command: Command Execution,2
T1552,T1552.005,Cloud Instance Metadata API (T1552.005),credential-access,User Account: User Account Authentication,1
T1552,T1552.006,Group Policy Preferences (T1552.006),credential-access,File: File Access|Command: Command Execution,2
T1552,T1552.007,Container API (T1552.007),credential-access,Command: Command Execution|File: File Access|User Account: User Account Authentication,3
T1553,T1553,Subvert Trust Controls (T1553),defense-evasion,Windows Registry: Windows Registry Key Creation|Windows Registry: Windows Registry Key Modification|Process: Process Creation|Command: Command Execution|File: File Metadata|File: File Modification|Module: Module Load,7
T1553,T1553.001,Gatekeeper Bypass (T1553.001),defense-evasion,File: File Metadata|File: File Modification|Process: Process Creation|Command: Command Execution,4
T1553,T1553.002,Code Signing (T1553.002),defense-evasion,File: File Metadata,1
T1553,T1553.003,SIP and Trust Provider Hijacking (T1553.003),defense-evasion,Module: Module Load|Windows Registry: Windows Registry Key Modification|File: File Modification,3
T1553,T1553.004,Install Root Certificate (T1553.004),defense-evasion,Windows Registry: Windows Registry Key Creation|Windows Registry: Windows Registry Key Modification|Process: Process Creation|Command: Command Execution,4
T1553,T1553.005,Mark-of-the-Web Bypass (T1553.005),defense-evasion,File: File Creation|File: File Metadata,2
T1553,T1553.006,Code Signing Policy Modification (T1553.006),defense-evasion,Windows Registry: Windows Registry Key Modification|Command: Command Execution|Process: Process Creation,3
T1554,T1554,Compromise Client Software Binary (T1554),persistence,File: File Modification|File: File Creation|File: File Deletion|File: File Metadata,4
T1555,T1555,Credentials from Password Stores (T1555),credential-access,Process: Process Creation|File: File Access|Command: Command Execution|Process: OS API Execution|Process: Process Access,5
T1555,T1555.001,Keychain (T1555.001),credential-access,Command: Command Execution|Process: OS API Execution|File: File Access,3
T1555,T1555.002,Securityd Memory (T1555.002),credential-access,Command: Command Execution|Process: Process Access,2
T1555,T1555.003,Credentials from Web Browsers (T1555.003),credential-access,File: File Access|Command: Command Execution|Process: OS API Execution|Process: Process Access,4
T1555,T1555.004,Windows Credential Manager (T1555.004),credential-access,Process: Process Creation|Command: Command Execution|Process: OS API Execution|File: File Access,4
T1555,T1555.005,Password Managers (T1555.005),credential-access,Process: OS API Execution|File: File Access|Process: Process Access|Command: Command Execution,4
T1556,T1556,Modify Authentication Process (T1556),credential-access|defense-evasion|persistence,Logon Session: Logon Session Creation|Process: OS API Execution|Process: Process Access|File: File Modification|File: File Creation|Module: Module Load|Windows Registry: Windows Registry Key Modification,7
T1556,T1556.001,Domain Controller Authentication (T1556.001),credential-access|defense-evasion|persistence,Logon Session: Logon Session Creation|Process: OS API Execution|Process: Process Access|File: File Modification,4
T1556,T1556.002,Password Filter DLL (T1556.002),credential-access|defense-evasion|persistence,File: File Creation|Module: Module Load|Windows Registry: Windows Registry Key Modification,3
T1556,T1556.003,Pluggable Authentication Modules (T1556.003),credential-access|defense-evasion|persistence,File: File Modification|Logon Session: Logon Session Creation,2
T1556,T1556.004,Network Device Authentication (T1556.004),credential-access|defense-evasion|persistence,File: File Modification,1
T1557,T1557,Adversary-in-the-Middle (T1557),credential-access|collection,Network Traffic: Network Traffic Content|Network Traffic: Network Traffic Flow|Service: Service Creation|Windows Registry: Windows Registry Key Modification,4
T1557,T1557.001,LLMNR/NBT-NS Poisoning and SMB Relay (T1557.001),credential-access|collection,Network Traffic: Network Traffic Content|Network Traffic: Network Traffic Flow|Service: Service Creation|Windows Registry: Windows Registry Key Modification,4
T1557,T1557.002,ARP Cache Poisoning (T1557.002),credential-access|collection,Network Traffic: Network Traffic Content|Network Traffic: Network Traffic Flow,2
T1558,T1558,Steal or Forge Kerberos Tickets (T1558),credential-access,File: File Access|Command: Command Execution|Active Directory: Active Directory Credential Request|Logon Session: Logon Session Metadata,4
T1558,T1558.001,Golden Ticket (T1558.001),credential-access,Active Directory: Active Directory Credential Request|Logon Session: Logon Session Metadata,2
T1558,T1558.002,Silver Ticket (T1558.002),credential-access,Logon Session: Logon Session Metadata,1
T1558,T1558.003,Kerberoasting (T1558.003),credential-access,Active Directory: Active Directory Credential Request,1
T1558,T1558.004,AS-REP Roasting (T1558.004),credential-access,Active Directory: Active Directory Credential Request,1
T1559,T1559,Inter-Process Communication (T1559),execution,Module: Module Load|Process: Process Creation|Script: Script Execution,3
T1559,T1559.001,Component Object Model (T1559.001),execution,Module: Module Load|Process: Process Creation|Script: Script Execution,3
T1559,T1559.002,Dynamic Data Exchange (T1559.002),execution,Module: Module Load|Process: Process Creation|Script: Script Execution,3
T1560,T1560,Archive Collected Data (T1560),collection,Process: Process Creation|Command: Command Execution|File: File Creation|Script: Script Execution,4
T1560,T1560.001,Archive via Utility (T1560.001),collection,Process: Process Creation|Command: Command Execution|File: File Creation,3
T1560,T1560.002,Archive via Library (T1560.002),collection,File: File Creation|Script: Script Execution,2
T1560,T1560.003,Archive via Custom Method (T1560.003),collection,File: File Creation|Script: Script Execution,2
T1561,T1561,Disk Wipe (T1561),impact,Process: Process Creation|Command: Command Execution|Driver: Driver Load|Drive: Drive Access|Drive: Drive Modification,5
T1561,T1561.001,Disk Content Wipe (T1561.001),impact,Process: Process Creation|Command: Command Execution|Driver: Driver Load|Drive: Drive Access|Drive: Drive Modification,5
T1561,T1561.002,Disk Structure Wipe (T1561.002),impact,Process: Process Creation|Command: Command Execution|Driver: Driver Load|Drive: Drive Access|Drive: Drive Modification,5
T1562,T1562,Impair Defenses (T1562),defense-evasion,Process: Process Creation|Process: Process Termination|Windows Registry: Windows Registry Key Modification|Windows Registry: Windows Registry Key Deletion|Command: Command Execution|Service: Service Metadata|Sensor Health: Host Status|Script: Script Execution|Firewall: Firewall Disable|Firewall: Firewall Rule Modification|Cloud Service: Cloud Service Modification|Cloud Service: Cloud Service Disable,12
T1562,T1562.001,Disable or Modify Tools (T1562.001),defense-evasion,Process: Process Termination|Windows Registry: Windows Registry Key Modification|Windows Registry: Windows Registry Key Deletion|Command: Command Execution|Service: Service Metadata|Sensor Health: Host Status,6
T1562,T1562.002,Disable Windows Event Logging (T1562.002),defense-evasion,Process: Process Creation|Script: Script Execution|Windows Registry: Windows Registry Key Creation|Application Log: Application Log Content|Sensor Health: Host Status|Command: Command Execution,6
T1562,T1562.003,Impair Command History Logging (T1562.003),defense-evasion,Sensor Health: Host Status|Command: Command Execution,2
T1562,T1562.004,Disable or Modify System Firewall (T1562.004),defense-evasion,Command: Command Execution|Windows Registry: Windows Registry Key Modification|Firewall: Firewall Disable|Firewall: Firewall Rule Modification,4
T1562,T1562.006,Indicator Blocking (T1562.006),defense-evasion,Windows Registry: Windows Registry Key Modification|Sensor Health: Host Status|Command: Command Execution,3
T1562,T1562.007,Disable or Modify Cloud Firewall (T1562.007),defense-evasion,Firewall: Firewall Rule Modification|Firewall: Firewall Disable,2
T1562,T1562.008,Disable Cloud Logs (T1562.008),defense-evasion,Cloud Service: Cloud Service Modification|Cloud Service: Cloud Service Disable,2
T1562,T1562.009,Safe Mode Boot (T1562.009),defense-evasion,Process: Process Creation|Windows Registry: Windows Registry Key Modification|Windows Registry: Windows Registry Key Creation|Command: Command Execution,4
T1562,T1562.010,Downgrade Attack (T1562.010),defense-evasion,Command: Command Execution|Process: Process Metadata|Process: Process Creation,3
T1563,T1563,Remote Service Session Hijacking (T1563),lateral-movement,Network Traffic: Network Traffic Flow|Network Traffic: Network Traffic Content|Logon Session: Logon Session Creation|Command: Command Execution|Process: Process Creation,5
T1563,T1563.001,SSH Hijacking (T1563.001),lateral-movement,Network Traffic: Network Traffic Flow|Network Traffic: Network Traffic Content|Logon Session: Logon Session Creation|Command: Command Execution|Process: Process Creation,5
T1563,T1563.002,RDP Hijacking (T1563.002),lateral-movement,Network Traffic: Network Traffic Flow|Network Traffic: Network Traffic Content|Logon Session: Logon Session Creation|Command: Command Execution|Process: Process Creation,5
T1564,T1564,Hide Artifacts (T1564),defense-evasion,Process: Process Creation|File: File Creation|Application Log: Application Log Content|Command: Command Execution|File: File Metadata|User Account: User Account Creation|User Account: User Account Metadata|File: File Modification|Script: Script Execution|Process: OS API Execution|Windows Registry: Windows Registry Key Modification|Firmware: Firmware Modification|Service: Service Creation,13
T1564,T1564.001,Hidden Files and Directories (T1564.001),defense-evasion,File: File Creation|Process: Process Creation|Command: Command Execution|File: File Metadata,4
T1564,T1564.002,Hidden Users (T1564.002),defense-evasion,Command: Command Execution|Windows Registry: Windows Registry Key Modification|Process: Process Creation|User Account: User Account Creation|User Account: User Account Metadata|File: File Modification,6
T1564,T1564.003,Hidden Window (T1564.003),defense-evasion,Process: Process Creation|Command: Command Execution|Script: Script Execution|File: File Modification,4
T1564,T1564.004,NTFS File Attributes (T1564.004),defense-evasion,Process: OS API Execution|File: File Metadata|File: File Modification|Command: Command Execution,4
T1564,T1564.005,Hidden File System (T1564.005),defense-evasion,Windows Registry: Windows Registry Key Modification|File: File Modification|Firmware: Firmware Modification,3
T1564,T1564.006,Run Virtual Instance (T1564.006),defense-evasion,Process: Process Creation|File: File Creation|Command: Command Execution|Service: Service Creation|Windows Registry: Windows Registry Key Modification,5
T1564,T1564.007,VBA Stomping (T1564.007),defense-evasion,Script: Script Execution|File: File Metadata,2
T1564,T1564.008,Email Hiding Rules (T1564.008),defense-evasion,File: File Modification|Command: Command Execution|Application Log: Application Log Content,3
T1564,T1564.009,Resource Forking (T1564.009),defense-evasion,File: File Creation|Process: Process Creation|File: File Metadata|Command: Command Execution,4
T1565,T1565,Data Manipulation (T1565),impact,File: File Metadata|Process: OS API Execution|File: File Creation|File: File Deletion|File: File Modification|Network Traffic: Network Traffic Content|Network Traffic: Network Traffic Flow,7
T1565,T1565.001,Stored Data Manipulation (T1565.001),impact,File: File Creation|File: File Deletion|File: File Modification,3
T1565,T1565.002,Transmitted Data Manipulation (T1565.002),impact,Process: OS API Execution|Network Traffic: Network Traffic Content|Network Traffic: Network Traffic Flow,3
T1565,T1565.003,Runtime Data Manipulation (T1565.003),impact,Process: OS API Execution|File: File Creation|File: File Deletion|File: File Modification|File: File Metadata,5
T1566,T1566,Phishing (T1566),initial-access,File: File Creation|Application Log: Application Log Content|Network Traffic: Network Traffic Flow|Network Traffic: Network Traffic Content,4
T1566,T1566.001,Spearphishing Attachment (T1566.001),initial-access,File: File Creation|Application Log: Application Log Content|Network Traffic: Network Traffic Content|Network Traffic: Network Traffic Flow,4
T1566,T1566.002,Spearphishing Link (T1566.002),initial-access,Application Log: Application Log Content|Network Traffic: Network Traffic Content|Network Traffic: Network Traffic Flow,3
T1566,T1566.003,Spearphishing via Service (T1566.003),initial-access,Application Log: Application Log Content|Network Traffic: Network Traffic Content|Network Traffic: Network Traffic Flow,3
T1567,T1567,Exfiltration Over Web Service (T1567),exfiltration,Network Traffic: Network Traffic Flow|Network Traffic: Network Traffic Content|File: File Access|Command: Command Execution,4
T1567,T1567.001,Exfiltration to Code Repository (T1567.001),exfiltration,Network Traffic: Network Traffic Flow|Network Traffic: Network Traffic Content|File: File Access|Command: Command Execution,4
T1567,T1567.002,Exfiltration to Cloud Storage (T1567.002),exfiltration,Network Traffic: Network Traffic Flow|Network Traffic: Network Traffic Content|File: File Access|Command: Command Execution,4
T1568,T1568,Dynamic Resolution (T1568),command-and-control,Network Traffic: Network Traffic Flow|Network Traffic: Network Connection Creation|Network Traffic: Network Traffic Content,3
T1568,T1568.001,Fast Flux DNS (T1568.001),command-and-control,Network Traffic: Network Traffic Flow|Network Traffic: Network Connection Creation,2
T1568,T1568.002,Domain Generation Algorithms (T1568.002),command-and-control,Network Traffic: Network Traffic Flow|Network Traffic: Network Connection Creation,2
T1568,T1568.003,DNS Calculation (T1568.003),command-and-control,Network Traffic: Network Traffic Content,1
T1569,T1569,System Services (T1569),execution,Command: Command Execution|Process: Process Creation|Service: Service Creation|File: File Modification|Windows Registry: Windows Registry Key Modification,5
T1569,T1569.001,Launchctl (T1569.001),execution,Command: Command Execution|Process: Process Creation|Service: Service Creation|File: File Modification,4
T1569,T1569.002,Service Execution (T1569.002),execution,Command: Command Execution|Process: Process Creation|Service: Service Creation|Windows Registry: Windows Registry Key Modification,4
T1570,T1570,Lateral Tool Transfer (T1570),lateral-movement,Network Share: Network Share Access|Named Pipe: Named Pipe Metadata|Network Traffic: Network Traffic Flow|Network Traffic: Network Traffic Content|Command: Command Execution|Process: Process Creation|File: File Creation|File: File Metadata,8
T1571,T1571,Non-Standard Port (T1571),command-and-control,Network Traffic: Network Traffic Flow|Network Traffic: Network Connection Creation|Network Traffic: Network Traffic Content,3
T1572,T1572,Protocol Tunneling (T1572),command-and-control,Network Traffic: Network Traffic Flow|Network Traffic: Network Connection Creation|Network Traffic: Network Traffic Content,3
T1573,T1573,Encrypted Channel (T1573),command-and-control,Network Traffic: Network Traffic Content,1
T1573,T1573.001,Symmetric Cryptography (T1573.001),command-and-control,Network Traffic: Network Traffic Content,1
T1573,T1573.002,Asymmetric Cryptography (T1573.002),command-and-control,Network Traffic: Network Traffic Content,1
T1574,T1574,Hijack Execution Flow (T1574),persistence|privilege-escalation|defense-evasion,Windows Registry: Windows Registry Key Modification|Process: Process Creation|Module: Module Load|Command: Command Execution|Service: Service Metadata|File: File Creation|File: File Modification,7
T1574,T1574.001,DLL Search Order Hijacking (T1574.001),persistence|privilege-escalation|defense-evasion,File: File Creation|File: File Modification|Module: Module Load,3
T1574,T1574.002,DLL Side-Loading (T1574.002),persistence|privilege-escalation|defense-evasion,File: File Creation|File: File Modification|Module: Module Load|Process: Process Creation,4
T1574,T1574.004,Dylib Hijacking (T1574.004),persistence|privilege-escalation|defense-evasion,File: File Creation|File: File Modification|Module: Module Load,3
T1574,T1574.005,Executable Installer File Permissions Weakness (T1574.005),persistence|privilege-escalation|defense-evasion,File: File Creation|File: File Modification|Module: Module Load|Process: Process Creation|Service: Service Metadata,5
T1574,T1574.006,Dynamic Linker Hijacking (T1574.006),persistence|privilege-escalation|defense-evasion,File: File Creation|File: File Modification|Module: Module Load|Process: Process Creation|Command: Command Execution,5
T1574,T1574.007,Path Interception by PATH Environment Variable (T1574.007),persistence|privilege-escalation|defense-evasion,File: File Creation|File: File Modification|Process: Process Creation,3
T1574,T1574.008,Path Interception by Search Order Hijacking (T1574.008),persistence|privilege-escalation|defense-evasion,File: File Creation|File: File Modification|Process: Process Creation,3
T1574,T1574.009,Path Interception by Unquoted Path (T1574.009),persistence|privilege-escalation|defense-evasion,File: File Creation|File: File Modification|Process: Process Creation,3
T1574,T1574.010,Services File Permissions Weakness (T1574.010),persistence|privilege-escalation|defense-evasion,File: File Creation|File: File Modification|Process: Process Creation|Service: Service Metadata,4
T1574,T1574.011,Services Registry Permissions Weakness (T1574.011),persistence|privilege-escalation|defense-evasion,Windows Registry: Windows Registry Key Modification|Process: Process Creation|Service: Service Metadata|Command: Command Execution,4
T1574,T1574.012,COR_PROFILER (T1574.012),persistence|privilege-escalation|defense-evasion,Windows Registry: Windows Registry Key Modification|Process: Process Creation|Module: Module Load|Command: Command Execution,4
T1578,T1578,Modify Cloud Compute Infrastructure (T1578),defense-evasion,Instance: Instance Stop|Instance: Instance Start|Instance: Instance Creation|Instance: Instance Modification|Instance: Instance Deletion|Snapshot: Snapshot Creation|Snapshot: Snapshot Modification|Snapshot: Snapshot Deletion|Volume: Volume Creation|Volume: Volume Modification|Volume: Volume Deletion,11
T1578,T1578.001,Create Snapshot (T1578.001),defense-evasion,Snapshot: Snapshot Creation,1
T1578,T1578.002,Create Cloud Instance (T1578.002),defense-evasion,Instance: Instance Creation,1
T1578,T1578.003,Delete Cloud Instance (T1578.003),defense-evasion,Instance: Instance Deletion,1
T1578,T1578.004,Revert Cloud Instance (T1578.004),defense-evasion,Instance: Instance Modification|Instance: Instance Start|Instance: Instance Stop,3
T1580,T1580,Cloud Infrastructure Discovery (T1580),discovery,Instance: Instance Metadata|Instance: Instance Enumeration|Snapshot: Snapshot Metadata|Snapshot: Snapshot Enumeration|Cloud Storage: Cloud Storage Metadata|Cloud Storage: Cloud Storage Enumeration|Volume: Volume Metadata|Volume: Volume Enumeration,8
T1583,T1583,Acquire Infrastructure (T1583),resource-development,Internet Scan: Response Metadata|Internet Scan: Response Content|Domain Name: Active DNS|Domain Name: Passive DNS|Domain Name: Domain Registration,5
T1583,T1583.001,Domains (T1583.001),resource-development,Domain Name: Active DNS|Domain Name: Passive DNS|Domain Name: Domain Registration,3
T1583,T1583.002,DNS Server (T1583.002),resource-development,,0
T1583,T1583.003,Virtual Private Server (T1583.003),resource-development,Internet Scan: Response Metadata|Internet Scan: Response Content,2
T1583,T1583.004,Server (T1583.004),resource-development,Internet Scan: Response Metadata|Internet Scan: Response Content,2
T1583,T1583.005,Botnet (T1583.005),resource-development,,0
T1583,T1583.006,Web Services (T1583.006),resource-development,Internet Scan: Response Content,1
T1584,T1584,Compromise Infrastructure (T1584),resource-development,Internet Scan: Response Metadata|Internet Scan: Response Content|Domain Name: Active DNS|Domain Name: Passive DNS|Domain Name: Domain Registration,5
T1584,T1584.001,Domains (T1584.001),resource-development,Domain Name: Active DNS|Domain Name: Passive DNS|Domain Name: Domain Registration,3
T1584,T1584.002,DNS Server (T1584.002),resource-development,Domain Name: Active DNS|Domain Name: Passive DNS,2
T1584,T1584.003,Virtual Private Server (T1584.003),resource-development,Internet Scan: Response Metadata|Internet Scan: Response Content,2
T1584,T1584.004,Server (T1584.004),resource-development,Internet Scan: Response Metadata|Internet Scan: Response Content,2
T1584,T1584.005,Botnet (T1584.005),resource-development,,0
T1584,T1584.006,Web Services (T1584.006),resource-development,Internet Scan: Response Content,1
T1585,T1585,Establish Accounts (T1585),resource-development,Persona: Social Media|Network Traffic: Network Traffic Content,2
T1585,T1585.001,Social Media Accounts (T1585.001),resource-development,Persona: Social Media|Network Traffic: Network Traffic Content,2
T1585,T1585.002,Email Accounts (T1585.002),resource-development,,0
T1586,T1586,Compromise Accounts (T1586),resource-development,Persona: Social Media|Network Traffic: Network Traffic Content,2
T1586,T1586.001,Social Media Accounts (T1586.001),resource-development,Persona: Social Media|Network Traffic: Network Traffic Content,2
T1586,T1586.002,Email Accounts (T1586.002),resource-development,,0
T1587,T1587,Develop Capabilities (T1587),resource-development,Malware Repository: Malware Metadata|Malware Repository: Malware Content|Internet Scan: Response Content,3
T1587,T1587.001,Malware (T1587.001),resource-development,Malware Repository: Malware Metadata|Malware Repository: Malware Content,2
T1587,T1587.002,Code Signing Certificates (T1587.002),resource-development,Malware Repository: Malware Metadata,1
T1587,T1587.003,Digital Certificates (T1587.003),resource-development,Internet Scan: Response Content,1
T1587,T1587.004,Exploits (T1587.004),resource-development,,0
T1588,T1588,Obtain Capabilities (T1588),resource-development,Malware Repository: Malware Metadata|Malware Repository: Malware Content|Certificate: Certificate Registration|Internet Scan: Response Content,4
T1588,T1588.001,Malware (T1588.001),resource-development,Malware Repository: Malware Metadata|Malware Repository: Malware Content,2
T1588,T1588.002,Tool (T1588.002),resource-development,Malware Repository: Malware Metadata,1
T1588,T1588.003,Code Signing Certificates (T1588.003),resource-development,Malware Repository: Malware Metadata,1
T1588,T1588.004,Digital Certificates (T1588.004),resource-development,Certificate: Certificate Registration|Internet Scan: Response Content,2
T1588,T1588.005,Exploits (T1588.005),resource-development,,0
T1588,T1588.006,Vulnerabilities (T1588.006),resource-development,,0
T1589,T1589,Gather Victim Identity Information (T1589),reconnaissance,,0
T1589,T1589.001,Credentials (T1589.001),reconnaissance,,0
T1589,T1589.002,Email Addresses (T1589.002),reconnaissance,,0
T1589,T1589.003,Employee Names (T1589.003),reconnaissance,,0
T1590,T1590,Gather Victim Network Information (T1590),reconnaissance,,0
T1590,T1590.001,Domain Properties (T1590.001),reconnaissance,,0
T1590,T1590.002,DNS (T1590.002),reconnaissance,,0
T1590,T1590.003,Network Trust Dependencies (T1590.003),reconnaissance,,0
T1590,T1590.004,Network Topology (T1590.004),reconnaissance,,0
T1590,T1590.005,IP Addresses (T1590.005),reconnaissance,,0
T1590,T1590.006,Network Security Appliances (T1590.006),reconnaissance,,0
T1591,T1591,Gather Victim Org Information (T1591),reconnaissance,,0
T1591,T1591.001,Determine Physical Locations (T1591.001),reconnaissance,,0
T1591,T1591.002,Business Relationships (T1591.002),reconnaissance,,0
T1591,T1591.003,Identify Business Tempo (T1591.003),reconnaissance,,0
T1591,T1591.004,Identify Roles (T1591.004),reconnaissance,,0
T1592,T1592,Gather Victim Host Information (T1592),reconnaissance,Internet Scan: Response Content,1
T1592,T1592.001,Hardware (T1592.001),reconnaissance,Internet Scan: Response Content,1
T1592,T1592.002,Software (T1592.002),reconnaissance,Internet Scan: Response Content,1
T1592,T1592.003,Firmware (T1592.003),reconnaissance,,0
T1592,T1592.004,Client Configurations (T1592.004),reconnaissance,Internet Scan: Response Content,1
T1593,T1593,Search Open Websites/Domains (T1593),reconnaissance,,0
T1593,T1593.001,Social Media (T1593.001),reconnaissance,,0
T1593,T1593.002,Search Engines (T1593.002),reconnaissance,,0
T1594,T1594,Search Victim-Owned Websites (T1594),reconnaissance,Application Log: Application Log Content,1
T1595,T1595,Active Scanning (T1595),reconnaissance,Network Traffic: Network Traffic Flow|Network Traffic: Network Traffic Content,2
T1595,T1595.001,Scanning IP Blocks (T1595.001),reconnaissance,Network Traffic: Network Traffic Flow,1
T1595,T1595.002,Vulnerability Scanning (T1595.002),reconnaissance,Network Traffic: Network Traffic Flow|Network Traffic: Network Traffic Content,2
T1596,T1596,Search Open Technical Databases (T1596),reconnaissance,,0
T1596,T1596.001,DNS/Passive DNS (T1596.001),reconnaissance,,0
T1596,T1596.002,WHOIS (T1596.002),reconnaissance,,0
T1596,T1596.003,Digital Certificates (T1596.003),reconnaissance,,0
T1596,T1596.004,CDNs (T1596.004),reconnaissance,,0
T1596,T1596.005,Scan Databases (T1596.005),reconnaissance,,0
T1597,T1597,Search Closed Sources (T1597),reconnaissance,,0
T1597,T1597.001,Threat Intel Vendors (T1597.001),reconnaissance,,0
T1597,T1597.002,Purchase Technical Data (T1597.002),reconnaissance,,0
T1598,T1598,Phishing for Information (T1598),reconnaissance,Application Log: Application Log Content|Network Traffic: Network Traffic Flow|Network Traffic: Network Traffic Content,3
T1598,T1598.001,Spearphishing Service (T1598.001),reconnaissance,Application Log: Application Log Content|Network Traffic: Network Traffic Content|Network Traffic: Network Traffic Flow,3
T1598,T1598.002,Spearphishing Attachment (T1598.002),reconnaissance,Application Log: Application Log Content|Network Traffic: Network Traffic Content|Network Traffic: Network Traffic Flow,3
T1598,T1598.003,Spearphishing Link (T1598.003),reconnaissance,Application Log: Application Log Content|Network Traffic: Network Traffic Content|Network Traffic: Network Traffic Flow,3
T1599,T1599,Network Boundary Bridging (T1599),defense-evasion,Network Traffic: Network Traffic Flow|Network Traffic: Network Traffic Content,2
T1599,T1599.001,Network Address Translation Traversal (T1599.001),defense-evasion,Network Traffic: Network Traffic Flow|Network Traffic: Network Traffic Content,2
T1600,T1600,Weaken Encryption (T1600),defense-evasion,File: File Modification,1
T1600,T1600.001,Reduce Key Space (T1600.001),defense-evasion,File: File Modification,1
T1600,T1600.002,Disable Crypto Hardware (T1600.002),defense-evasion,File: File Modification,1
T1601,T1601,Modify System Image (T1601),defense-evasion,File: File Modification,1
T1601,T1601.001,Patch System Image (T1601.001),defense-evasion,File: File Modification,1
T1601,T1601.002,Downgrade System Image (T1601.002),defense-evasion,File: File Modification,1
T1602,T1602,Data from Configuration Repository (T1602),collection,Network Traffic: Network Connection Creation|Network Traffic: Network Traffic Content,2
T1602,T1602.001,SNMP (MIB Dump) (T1602.001),collection,Network Traffic: Network Connection Creation|Network Traffic: Network Traffic Content,2
T1602,T1602.002,Network Device Configuration Dump (T1602.002),collection,Network Traffic: Network Connection Creation|Network Traffic: Network Traffic Content,2
T1606,T1606,Forge Web Credentials (T1606),credential-access,Logon Session: Logon Session Creation|Web Credential: Web Credential Creation|Web Credential: Web Credential Usage,3
T1606,T1606.001,Web Cookies (T1606.001),credential-access,Logon Session: Logon Session Creation|Web Credential: Web Credential Creation|Web Credential: Web Credential Usage,3
T1606,T1606.002,SAML Tokens (T1606.002),credential-access,Logon Session: Logon Session Creation|Web Credential: Web Credential Creation|Web Credential: Web Credential Usage,3
T1608,T1608,Stage Capabilities (T1608),resource-development,Internet Scan: Response Content,1
T1608,T1608.001,Upload Malware (T1608.001),resource-development,Internet Scan: Response Content,1
T1608,T1608.002,Upload Tool (T1608.002),resource-development,Internet Scan: Response Content,1
T1608,T1608.003,Install Digital Certificate (T1608.003),resource-development,Internet Scan: Response Content,1
T1608,T1608.004,Drive-by Target (T1608.004),resource-development,Internet Scan: Response Content,1
T1608,T1608.005,Link Target (T1608.005),resource-development,Internet Scan: Response Content,1
T1609,T1609,Container Administration Command (T1609),execution,Command: Command Execution,1
T1610,T1610,Deploy Container (T1610),defense-evasion|execution,Container: Container Creation|Container: Container Start|Pod: Pod Creation|Pod: Pod Modification|Application Log: Application Log Content,5
T1611,T1611,Escape to Host (T1611),privilege-escalation,Container: Container Creation|Process: OS API Execution|Process: Process Creation,3
T1612,T1612,Build Image on Host (T1612),defense-evasion,Image: Image Creation|Network Traffic: Network Connection Creation|Network Traffic: Network Traffic Flow|Network Traffic: Network Traffic Content,4
T1613,T1613,Container and Resource Discovery (T1613),discovery,Cluster: Cluster Metadata|Container: Container Enumeration|Container: Container Metadata|Pod: Pod Enumeration|Pod: Pod Metadata|Application Log: Application Log Content,6
T1614,T1614,System Location Discovery (T1614),discovery,Instance: Instance Metadata|Process: Process Creation|Command: Command Execution|Process: OS API Execution,4
T1614,T1614.001,System Language Discovery (T1614.001),discovery,Windows Registry: Windows Registry Key Access|Process: Process Creation|Process: OS API Execution|Command: Command Execution,4
T1615,T1615,Group Policy Discovery (T1615),discovery,Network Traffic: Network Traffic Content|Active Directory: Active Directory Object Access|Script: Script Execution|Command: Command Execution|Process: Process Creation,5
T1619,T1619,Cloud Storage Object Discovery (T1619),discovery,Cloud Storage: Cloud Storage Enumeration|Cloud Storage: Cloud Storage Access,2
T1620,T1620,Reflective Code Loading (T1620),defense-evasion,Script: Script Execution|Process: OS API Execution|Module: Module Load,3
